{"allRoundData":[{"name":"Sura","timeLimitInSeconds":20,"pointsAddedForCorrectAnswer":10,"questions":[{"questionText":"¿Qué es ahorrar?","answers":[{"answerText":"Guardar una parte de tu dinero","isCorrect":true},{"answerText":"obtener rendimientos de inversión","isCorrect":false},{"answerText":"Utilizar acertadamente tus ingresos","isCorrect":false}]},{"questionText":"¿Cómo se le llama a la etapaen la que una persona termina su vida laboral?","answers":[{"answerText":"Desempleo","isCorrect":false},{"answerText":"Retiro","isCorrect":true},{"answerText":"Vacaciones","isCorrect":false}]},{"questionText":"¿Qué autoridad regula a las Afores?","answers":[{"answerText":"Banxico","isCorrect":false},{"answerText":"CNVB","isCorrect":false},{"answerText":"CONSAR","isCorrect":true},{"answerText":"INEGI","isCorrect":false}]},{"questionText":"¿El lugar mas seguro para resguardar el ahorro es:","answers":[{"answerText":"Casa","isCorrect":false},{"answerText":"Con amigos y familiares","isCorrect":false},{"answerText":"Tandas","isCorrect":false},{"answerText":"Instituciones financieras","isCorrect":true}]}]}]}